#ISBN Title Year Count
INSERT INTO BOOKS VALUES ('0192835084', 'The Adventures of Sherlock Holmes', 1998);
INSERT INTO AUTHORS VALUES ('0192835084', 'Arthur Conan Doyle');
INSERT INTO keywords VALUES('0192835084', 'Short story');
INSERT INTO keywords VALUES('0192835084', 'Crime Fiction');
INSERT INTO keywords VALUES('0192835084', 'Detective fiction');

INSERT INTO BOOKS VALUES ('0307346617','World War Z: An Oral History of the Zombie War', 2006);
INSERT INTO AUTHORS VALUES ('0307346617', 'Max Brooks');
INSERT INTO keywords VALUES('0307346617', 'Literature & Fiction');
INSERT INTO keywords VALUES('0307346617', ' Thrillers');
INSERT INTO keywords VALUES('0307346617', ' Suspense');

INSERT INTO BOOKS VALUES ('9780062024039','Divergent', 2012);

INSERT INTO AUTHORS VALUES ('9780062024039', 'Veronica Roth ');
INSERT INTO keywords VALUES('9780062024039', 'Literature & Fiction');
INSERT INTO keywords VALUES('9780062024039', 'Action & Adventure');

INSERT INTO BOOKS VALUES ('9780006499589','A Secret Affair', 2007);
INSERT INTO AUTHORS VALUES ('9780006499589', 'Barbara Taylor Bradford ');
INSERT INTO keywords VALUES('9780006499589', 'Literature & Fiction');
INSERT INTO keywords VALUES('9780006499589', 'Romance ');

INSERT INTO BOOKS VALUES ('9780553801477','A Dance With Dragons', 2011);
INSERT INTO AUTHORS VALUES ('9780553801477', 'George R. R. Martin');
INSERT INTO keywords VALUES('9780553801477', 'Fantasy');

INSERT INTO BOOKS VALUES ('0670813028','It', 1986);
INSERT INTO AUTHORS VALUES ('0670813028', 'Stephen King');
INSERT INTO keywords VALUES('0670813028', 'Horror');
INSERT INTO keywords VALUES('0670813028', 'Coming-of-age');

INSERT INTO BOOKS VALUES ('0060853980','Good Omens: The Nice and Accurate Prophecies of Agnes Nutter, Witch', 2006);
INSERT INTO AUTHORS VALUES ('0060853980', 'Terry Pratchett');
INSERT INTO AUTHORS VALUES ('0060853980', 'Neil Gaiman');
INSERT INTO keywords VALUES('0060853980', 'Fantasy');
INSERT INTO keywords VALUES('0060853980', 'Comedy');
