#ISBN Title Year Count
INSERT INTO BOOK_DETAILS VALUES ('0192835084', 'The Adventures of Sherlock Holmes', 1998);
INSERT INTO AUTHORS VALUES ('0192835084', 'Arthur Conan Doyle');
INSERT INTO KEYWORDS VALUES('0192835084', 'Short story');
INSERT INTO KEYWORDS VALUES('0192835084', 'Crime Fiction');
INSERT INTO KEYWORDS VALUES('0192835084', 'Detective fiction');
INSERT INTO BOOKS VALUES( DEFAULT ,'0192835084', False, NULL );
INSERT INTO BOOKS VALUES( DEFAULT ,'0192835084', FALSE, NULL );

INSERT INTO BOOK_DETAILS VALUES ('0307346617','World War Z: An Oral History of the Zombie War', 2006);
INSERT INTO AUTHORS VALUES ('0307346617', 'Max Brooks');
INSERT INTO KEYWORDS VALUES('0307346617', 'Literature & Fiction');
INSERT INTO KEYWORDS VALUES('0307346617', ' Thrillers');
INSERT INTO KEYWORDS VALUES('0307346617', ' Suspense');
INSERT INTO BOOKS VALUES(DEFAULT , '0307346617', FALSE, NULL );

INSERT INTO BOOK_DETAILS VALUES ('9780062024039','Divergent', 2012);
INSERT INTO AUTHORS VALUES ('9780062024039', 'Veronica Roth ');
INSERT INTO KEYWORDS VALUES('9780062024039', 'Literature & Fiction');
INSERT INTO KEYWORDS VALUES('9780062024039', 'Action & Adventure');
INSERT INTO BOOKS VALUES(DEFAULT , '9780062024039', FALSE, NULL);

INSERT INTO BOOK_DETAILS VALUES ('9780006499589','A Secret Affair', 2007);
INSERT INTO AUTHORS VALUES ('9780006499589', 'Barbara Taylor Bradford ');
INSERT INTO KEYWORDS VALUES('9780006499589', 'Literature & Fiction');
INSERT INTO KEYWORDS VALUES('9780006499589', 'Romance ');
INSERT INTO BOOKS VALUES(DEFAULT , '9780006499589', FALSE, NULL );

INSERT INTO BOOK_DETAILS VALUES ('9780553801477','A Dance With Dragons', 2011);
INSERT INTO AUTHORS VALUES ('9780553801477', 'George R. R. Martin');
INSERT INTO KEYWORDS VALUES('9780553801477', 'Fantasy');
INSERT INTO BOOKS VALUES(DEFAULT , '9780553801477', FALSE, NULL);
INSERT INTO BOOKS VALUES(DEFAULT , '9780553801477', FALSE, NULL );

INSERT INTO BOOK_DETAILS VALUES ('0670813028','It', 1986);
INSERT INTO AUTHORS VALUES ('0670813028', 'Stephen King');
INSERT INTO KEYWORDS VALUES('0670813028', 'Horror');
INSERT INTO KEYWORDS VALUES('0670813028', 'Coming-of-age');
INSERT INTO BOOKS VALUES(DEFAULT , '0670813028', FALSE, NULL );

INSERT INTO BOOK_DETAILS VALUES ('0060853980','Good Omens: The Nice and Accurate Prophecies of Agnes Nutter, Witch', 2006);
INSERT INTO AUTHORS VALUES ('0060853980', 'Terry Pratchett');
INSERT INTO AUTHORS VALUES ('0060853980', 'Neil Gaiman');
INSERT INTO KEYWORDS VALUES('0060853980', 'Fantasy');
INSERT INTO KEYWORDS VALUES('0060853980', 'Comedy');
INSERT INTO BOOKS VALUES(DEFAULT , '0060853980', FALSE, NULL );
INSERT INTO BOOKS VALUES(DEFAULT , '0060853980', FALSE, NULL );

INSERT INTO BOOK_DETAILS VALUES ('9781451697216', 'The Talisman', 2012);
INSERT INTO AUTHORS VALUES ('9781451697216', 'Stephen King');
INSERT INTO AUTHORS VALUES ('9781451697216', 'Peter Straub');
INSERT INTO KEYWORDS VALUES('9781451697216', 'Thriller');
INSERT INTO BOOKS VALUES(DEFAULT , '9781451697216', FALSE, NULL );

INSERT INTO BOOK_DETAILS VALUES ('0446605239', 'The Notebook', 2004);
INSERT INTO AUTHORS VALUES ('0446605239', 'Nicholas Sparks');
INSERT INTO KEYWORDS VALUES('0446605239', 'Love');
INSERT INTO KEYWORDS VALUES('0446605239', 'Dementia');
INSERT INTO KEYWORDS VALUES('0446605239', '1932');
INSERT INTO KEYWORDS VALUES('0446605239', 'Summer Love');
INSERT INTO BOOKS VALUES(DEFAULT , '0446605239', FALSE, NULL );
INSERT INTO BOOKS VALUES(DEFAULT , '0446605239', FALSE, NULL );

INSERT INTO BOOK_DETAILS VALUES ('1455520632', 'The Longest Ride', 2014);
INSERT INTO AUTHORS VALUES ('1455520632', 'Nicholas Sparks');
INSERT INTO KEYWORDS VALUES('1455520632', 'Love');
INSERT INTO KEYWORDS VALUES('1455520632', 'Bull Riding');
INSERT INTO KEYWORDS VALUES('1455520632', 'Art');
INSERT INTO BOOKS VALUES(DEFAULT , '1455520632', FALSE, NULL );

INSERT INTO BOOK_DETAILS VALUES ('0446570966', 'The Last Song', 2010);
INSERT INTO AUTHORS VALUES ('0446570966', 'Nicholas Sparks');
INSERT INTO KEYWORDS VALUES('0446570966', 'Love');
INSERT INTO KEYWORDS VALUES('0446570966', 'Beach');
INSERT INTO BOOKS VALUES(DEFAULT , '0446570966', FALSE, NULL );
INSERT INTO BOOKS VALUES(DEFAULT , '0446570966', FALSE, NULL );
INSERT INTO BOOKS VALUES(DEFAULT , '0446570966', FALSE, NULL );